url,Company Name,Description,Address,city,State,Phone,Website,LBN Legal business name,Authorized official,Enumeration date,Last updated,OrganizationOrSole
https://npidb.org/organizations/transportation_services/non-emergency-medical-transport-van_343900000x/1578009593.aspx,"#1 American Med Transportation, Llc","A land vehicle with a capacity to meet special height, clearance, access, and seating, for the conveyance of persons in non-emergency situations. The vehicle may or may not be required to meet local county or state regulations.","2740 Arden Way Suite 204 Sacramento, Ca 95825-1369",Sacramento,CA,916-595-3455,-,"#1 American Med Transportation, Llc",Bassam Breesam - (ceo),1/14/17,1/14/17,Orgurl,Company Name,Description,Address,city,State,Phone,Website,LBN Legal business name,Authorized official,Enumeration date,Last updated,OrganizationOrSole
https://npidb.org/organizations/transportation_services/non-emergency-medical-transport-van_343900000x/1578009593.aspx,"#1 American Med Transportation, Llc","A land vehicle with a capacity to meet special height, clearance, access, and seating, for the conveyance of persons in non-emergency situations. The vehicle may or may not be required to meet local county or state regulations.","2740 Arden Way Suite 204 Sacramento, Ca 95825-1369",Sacramento,CA,916-595-3455,-,"#1 American Med Transportation, Llc",Bassam Breesam - (ceo),01/14/2017,01/14/2017,Org
https://npidb.org/organizations/transportation_services/non-emergency-medical-transport-van_343900000x/1346730421.aspx,"1 Sos Med

						Lbn  One Sos Med Transport","A land vehicle with a capacity to meet special height, clearance, access, and seating, for the conveyance of persons in non-emergency situations. The vehicle may or may not be required to meet local county or state regulations.","45 Golden Land Ct Ste 140 Sacramento, Ca 95834-2442",Sacramento,CA,916-668-8111,-,One Sos Med Transport,Adil Hassan - (ceo),05/15/2018,05/15/2018,Org
https://npidb.org/organizations/transportation_services/taxi_344600000x/1962639450.aspx,"18004mytaxi

						Lbn  A White And Yellow Cab Inc.","A land commercial vehicle used for the transporting of persons in non-emergency situations. The vehicle meets local, county or state regulations set forth by the jurisdictions where it is located.","2406 S Main St Santa Ana, Ca 92707-3255",Ana,CA,714-258-1000,-,A White And Yellow Cab Inc.,William Gray - (manager),06/11/2009,06/11/2009,Org
https://npidb.org/organizations/transportation_services/non-emergency-medical-transport-van_343900000x/1992945414.aspx,1st Choice Medical Transportation Inc,"A land vehicle with a capacity to meet special height, clearance, access, and seating, for the conveyance of persons in non-emergency situations. The vehicle may or may not be required to meet local county or state regulations.","8305 N 10th St Fresno, Ca 93720-2251",Fresno,CA,559-408-2095,-,1st Choice Medical Transportation Inc,Akop Semirdzhyan - (c.e.o.),02/23/2009,02/23/2009,Org
https://npidb.org/organizations/transportation_services/non-emergency-medical-transport-van_343900000x/1770823122.aspx,"1st Choice Non-medical Transport Care

						Lbn  Prestigious In Home Care Services","A land vehicle with a capacity to meet special height, clearance, access, and seating, for the conveyance of persons in non-emergency situations. The vehicle may or may not be required to meet local county or state regulations.","314 Sychar Rd San Diego, Ca 92114-4515",Diego,CA,619-207-4234,-,Prestigious In Home Care Services,Celeste Murray - (owner),02/21/2013,02/21/2013,Org
https://npidb.org/organizations/transportation_services/non-emergency-medical-transport-van_343900000x/1417250549.aspx,"1st Class Medical Transportation

						Lbn  1st Class Medical Transportation","A land vehicle with a capacity to meet special height, clearance, access, and seating, for the conveyance of persons in non-emergency situations. The vehicle may or may not be required to meet local county or state regulations.","13007 Victory Blvd North Hollywood, Ca 91606-2925",Hollywood,CA,559-299-7800,-,1st Class Medical Transportation,Hovhannes Harutyunyan - (president/owner),12/11/2010,12/11/2010,Org
https://npidb.org/organizations/transportation_services/non-emergency-medical-transport-van_343900000x/1558750083.aspx,1st Medical Transportation,"A land vehicle with a capacity to meet special height, clearance, access, and seating, for the conveyance of persons in non-emergency situations. The vehicle may or may not be required to meet local county or state regulations.","7946 Bellingrath Dr Elverta, Ca 95626-9726",Elverta,CA,916-595-3501,-,1st Medical Transportation,Ericka Harden - (owmer),01/21/2015,01/21/2015,Org
https://npidb.org/organizations/transportation_services/non-emergency-medical-transport-van_343900000x/1871727685.aspx,"20/20 Non- Emergency Medical Transporation

						Lbn  E & S Carriers Inc.","A land vehicle with a capacity to meet special height, clearance, access, and seating, for the conveyance of persons in non-emergency situations. The vehicle may or may not be required to meet local county or state regulations.","3017 N San Fernando Blvd # A Burbank, Ca 91504-4704",Burbank,CA,818-442-2797,-,E & S Carriers Inc.,Silva Malyan - (president),05/07/2009,05/07/2009,Org
https://npidb.org/organizations/transportation_services/non-emergency-medical-transport-van_343900000x/1366805897.aspx,24/7 Medical Transportation,"A land vehicle with a capacity to meet special height, clearance, access, and seating, for the conveyance of persons in non-emergency situations. The vehicle may or may not be required to meet local county or state regulations.","14752 Crenshaw Blvd Unit 318 Gardena, Ca 90249-3694",Gardena,CA,310-897-9390,-,24/7 Medical Transportation,Parwiz Zamani - (owner),04/01/2016,04/01/2016,Org
https://npidb.org/organizations/transportation_services/non-emergency-medical-transport-van_343900000x/1568722577.aspx,24/7 Medical Transportation,"A land vehicle with a capacity to meet special height, clearance, access, and seating, for the conveyance of persons in non-emergency situations. The vehicle may or may not be required to meet local county or state regulations.","6366 N Figarden Dr #116 Fresno, Ca 93722-7982",Fresno,CA,559-244-9402,-,24/7 Medical Transportation,Mariam Keshishyan - (owner/ President),05/23/2012,05/23/2012,Org
https://npidb.org/organizations/transportation_services/non-emergency-medical-transport-van_343900000x/1801439138.aspx,"24/7 Trans

						Lbn  American Ground Transportation, Llc","A land vehicle with a capacity to meet special height, clearance, access, and seating, for the conveyance of persons in non-emergency situations. The vehicle may or may not be required to meet local county or state regulations.","1767 N Batavia St Orange, Ca 92865-4103",Orange,CA,714-279-0192,-,"American Ground Transportation, Llc",Konstantinos Roditis - (ceo/managing Member),10/18/2019,10/18/2019,Org
https://npidb.org/organizations/transportation_services/non-emergency-medical-transport-van_343900000x/1023462793.aspx,24.7 Tranz.inc,"A land vehicle with a capacity to meet special height, clearance, access, and seating, for the conveyance of persons in non-emergency situations. The vehicle may or may not be required to meet local county or state regulations.","9681 Sunland Blvd Tujunga, Ca 91040-1450",Tujunga,CA,818-383-0964,-,24.7 Tranz.inc,Albert Antanesyan - (president),04/19/2016,04/19/2016,Org
https://npidb.org/organizations/transportation_services/non-emergency-medical-transport-van_343900000x/1366965667.aspx,3 Vest Medical Transportation Wc Llc,"A land vehicle with a capacity to meet special height, clearance, access, and seating, for the conveyance of persons in non-emergency situations. The vehicle may or may not be required to meet local county or state regulations.","3256 Rural Lane Corona, Ca 92882",Corona,CA,(951) 314-4380,-,3 Vest Medical Transportation Wc Llc,Brandon Davis - (member),07/19/2017,07/19/2017,Org
https://npidb.org/organizations/transportation_services/non-emergency-medical-transport-van_343900000x/1114473709.aspx,4 U Medical Transit,"A land vehicle with a capacity to meet special height, clearance, access, and seating, for the conveyance of persons in non-emergency situations. The vehicle may or may not be required to meet local county or state regulations.","3200 E Guasti Rd Suite 100 Ontario, Ca 91761-8660",Ontario,CA,844-243-9988,-,4 U Medical Transit,Joseph Romero - (owner Manager),09/01/2016,09/01/2016,Org
https://npidb.org/organizations/transportation_services/non-emergency-medical-transport-van_343900000x/1598147498.aspx,"49er Cab

						Lbn  Thj Transport, Llc","A land vehicle with a capacity to meet special height, clearance, access, and seating, for the conveyance of persons in non-emergency situations. The vehicle may or may not be required to meet local county or state regulations.","19506 Industrial Dr Ste C2 Sonora, Ca 95370-9213",Sonora,CA,209-984-3333,-,"Thj Transport, Llc",Todd Johnson - (owner),06/26/2015,06/26/2015,Org
https://npidb.org/organizations/transportation_services/non-emergency-medical-transport-van_343900000x/1265817589.aspx,5 Star Care Transport,"A land vehicle with a capacity to meet special height, clearance, access, and seating, for the conveyance of persons in non-emergency situations. The vehicle may or may not be required to meet local county or state regulations.","110 Kiely Blvd Apt 3 Santa Clara, Ca 95051-7021",Clara,CA,408-637-8272,-,5 Star Care Transport,Alusine Sesay - (owner),07/28/2015,07/28/2015,Org
https://npidb.org/organizations/transportation_services/non-emergency-medical-transport-van_343900000x/1326231101.aspx,5 Star Medical Response,"A land vehicle with a capacity to meet special height, clearance, access, and seating, for the conveyance of persons in non-emergency situations. The vehicle may or may not be required to meet local county or state regulations.","2510 S Grand Ave # B Los Angeles, Ca 90007-2651",Angeles,CA,818-802-8438,-,5 Star Medical Response,Alex Balsin - (general Manager),08/24/2007,08/24/2007,Org
https://npidb.org/organizations/transportation_services/non-emergency-medical-transport-van_343900000x/1902317290.aspx,A 1 Transportation Inc,"A land vehicle with a capacity to meet special height, clearance, access, and seating, for the conveyance of persons in non-emergency situations. The vehicle may or may not be required to meet local county or state regulations.","7247 Dustin Allan Ln Van Nuys, Ca 91405-2197",Nuys,CA,818-416-4747,-,A 1 Transportation Inc,Bagdasar Terpogosyan - (president),10/13/2017,10/13/2017,Org
https://npidb.org/organizations/transportation_services/non-emergency-medical-transport-van_343900000x/1841538451.aspx,A-1 Transportation Services Inc.,"A land vehicle with a capacity to meet special height, clearance, access, and seating, for the conveyance of persons in non-emergency situations. The vehicle may or may not be required to meet local county or state regulations.","7006 Morse Ave North Hollywood, Ca 91605-4804",Hollywood,CA,818-970-4188,-,A-1 Transportation Services Inc.,Danny Rojas - (manager),01/17/2013,01/17/2013,Org
https://npidb.org/organizations/transportation_services/non-emergency-medical-transport-van_343900000x/1487188447.aspx,A And R Mobility,"A land vehicle with a capacity to meet special height, clearance, access, and seating, for the conveyance of persons in non-emergency situations. The vehicle may or may not be required to meet local county or state regulations.","2815 W Calle Vista Dr Rialto, Ca 92377-5401",Rialto,CA,909-362-1229,-,A And R Mobility,Sirkristopher Arrington - (president),04/17/2017,04/17/2017,Org
https://npidb.org/organizations/transportation_services/non-emergency-medical-transport-van_343900000x/1104008044.aspx,"A-c Taxi

						Lbn  A-c Transportation Services Inc.","A land vehicle with a capacity to meet special height, clearance, access, and seating, for the conveyance of persons in non-emergency situations. The vehicle may or may not be required to meet local county or state regulations.","1243 Lotus Ct Santa Rosa, Ca 95404-5918",Rosa,CA,707-636-0805,-,A-c Transportation Services Inc.,Kevin Kroh - (president),12/03/2007,12/03/2007,Org
https://npidb.org/organizations/transportation_services/non-emergency-medical-transport-van_343900000x/1861742009.aspx,A-class Medtrans Services Llc,"A land vehicle with a capacity to meet special height, clearance, access, and seating, for the conveyance of persons in non-emergency situations. The vehicle may or may not be required to meet local county or state regulations.","1799 Old Bayshore Hwy #128d Burlingame, Ca 94010-1316",Burlingame,CA,650-259-7809,-,A-class Medtrans Services Llc,Lydia Domingo - (manager),09/14/2012,09/14/2012,Org
https://npidb.org/organizations/transportation_services/non-emergency-medical-transport-van_343900000x/1619396124.aspx,"A Comfort Ride

						Lbn  Jbaens Corporation","A land vehicle with a capacity to meet special height, clearance, access, and seating, for the conveyance of persons in non-emergency situations. The vehicle may or may not be required to meet local county or state regulations.","3532 Clayton Rd Concord, Ca 94519-2447",Concord,CA,925-689-6887,-,Jbaens Corporation,Janet Valencia - (owner),04/11/2014,04/11/2014,Org
https://npidb.org/organizations/transportation_services/non-emergency-medical-transport-van_343900000x/1497308613.aspx,"A & E Transit, Inc.","A land vehicle with a capacity to meet special height, clearance, access, and seating, for the conveyance of persons in non-emergency situations. The vehicle may or may not be required to meet local county or state regulations.","16435 Palomino Pl Apt 101 Canyon Country, Ca 91387-4604",Country,CA,818-456-3267,-,"A & E Transit, Inc.",Levon Sassonian - (owner),07/17/2019,07/17/2019,Org
https://npidb.org/organizations/transportation_services/non-emergency-medical-transport-van_343900000x/1023368537.aspx,"A & F Medical Transport

						Lbn  A & F Medical Transport, Llc","A land vehicle with a capacity to meet special height, clearance, access, and seating, for the conveyance of persons in non-emergency situations. The vehicle may or may not be required to meet local county or state regulations.","4081 39th St Apt 224 San Diego, Ca 92105-2379",Diego,CA,619-981-2456,-,"A & F Medical Transport, Llc",Fatuma Guyo - (manager),09/12/2012,09/12/2012,Org
https://npidb.org/organizations/transportation_services/non-emergency-medical-transport-van_343900000x/1598010944.aspx,"A & F Medical Transport, Llc","A land vehicle with a capacity to meet special height, clearance, access, and seating, for the conveyance of persons in non-emergency situations. The vehicle may or may not be required to meet local county or state regulations.","4265 Fairmount Ave 270 San Diego, Ca 92105",Diego,CA,619-981-2456,-,"A & F Medical Transport, Llc",Ahmed Malinomar - (president),07/20/2012,07/20/2012,Org
https://npidb.org/organizations/transportation_services/non-emergency-medical-transport-van_343900000x/1982963088.aspx,"A & G Transportation Co.

						Lbn  A & G Activity Services","A land vehicle with a capacity to meet special height, clearance, access, and seating, for the conveyance of persons in non-emergency situations. The vehicle may or may not be required to meet local county or state regulations.","1314 W 12th St Los Angeles, Ca 90015-2009",Angeles,CA,213-763-0500,-,A & G Activity Services,Rene Lee - (vice-president),05/09/2012,05/09/2012,Org
https://npidb.org/organizations/transportation_services/non-emergency-medical-transport-van_343900000x/1043465503.aspx,A-med Transportation,"A land vehicle with a capacity to meet special height, clearance, access, and seating, for the conveyance of persons in non-emergency situations. The vehicle may or may not be required to meet local county or state regulations.","945 S Prairie Ave Suite 210-i Inglewood, Ca 90301-7554",Inglewood,CA,310-419-9800,-,A-med Transportation,Flanzie Thomas - (partner),11/25/2008,11/25/2008,Org
https://npidb.org/organizations/transportation_services/non-emergency-medical-transport-van_343900000x/1861785784.aspx,A Medical Transportation,"A land vehicle with a capacity to meet special height, clearance, access, and seating, for the conveyance of persons in non-emergency situations. The vehicle may or may not be required to meet local county or state regulations.","4010 E Jensen Ave Fresno, Ca 93725-1404",Fresno,CA,559-994-4862,-,A Medical Transportation,Raul Carranza-gomez - (co-owner),05/25/2011,05/25/2011,Org
https://npidb.org/organizations/transportation_services/non-emergency-medical-transport-van_343900000x/1528416906.aspx,A-one Choice Transport,"A land vehicle with a capacity to meet special height, clearance, access, and seating, for the conveyance of persons in non-emergency situations. The vehicle may or may not be required to meet local county or state regulations.","1605 N 6th Pl Port Hueneme, Ca 93041-2411",Hueneme,CA,805-469-4803,-,A-one Choice Transport,Norma Martinez - (owner),05/26/2016,05/26/2016,Org
https://npidb.org/organizations/transportation_services/non-emergency-medical-transport-van_343900000x/1376826024.aspx,A One Medical Transportation,"A land vehicle with a capacity to meet special height, clearance, access, and seating, for the conveyance of persons in non-emergency situations. The vehicle may or may not be required to meet local county or state regulations.","338 W Palm Vista Dr Palm Springs, Ca 92262-1454",Springs,CA,760-464-7173,-,A One Medical Transportation,Everardo Soria - (owner),09/20/2011,09/20/2011,Org
https://npidb.org/organizations/transportation_services/non-emergency-medical-transport-van_343900000x/1992241772.aspx,"A Plus More Medtransport, Inc.","A land vehicle with a capacity to meet special height, clearance, access, and seating, for the conveyance of persons in non-emergency situations. The vehicle may or may not be required to meet local county or state regulations.","11801 Pierce St Ste 200 Riverside, Ca 92505-4400",Riverside,CA,951-720-3092,-,"A Plus More Medtransport, Inc.",Evita Anderson - (ceo),01/17/2017,01/17/2017,Org
https://npidb.org/organizations/transportation_services/non-emergency-medical-transport-van_343900000x/1366879058.aspx,A Plus Non Emergency Transportation Inc,"A land vehicle with a capacity to meet special height, clearance, access, and seating, for the conveyance of persons in non-emergency situations. The vehicle may or may not be required to meet local county or state regulations.","13746 Victory Blvd Suite 200 Van Nuys, Ca 91401-6716",Nuys,CA,818-786-1163,-,A Plus Non Emergency Transportation Inc,Manuk Karamanukyan - (president),09/26/2013,09/26/2013,Org
https://npidb.org/organizations/transportation_services/non-emergency-medical-transport-van_343900000x/1598002271.aspx,"A Plus Transit, Inc.","A land vehicle with a capacity to meet special height, clearance, access, and seating, for the conveyance of persons in non-emergency situations. The vehicle may or may not be required to meet local county or state regulations.","323 Inverness Dr Pacifica, Ca 94044-1712",Pacifica,CA,650-892-0600,-,"A Plus Transit, Inc.",Jennifer Tan - (secretary),01/14/2013,01/14/2013,Org
https://npidb.org/organizations/transportation_services/non-emergency-medical-transport-van_343900000x/1629112065.aspx,A & R Medical Transportation,"A land vehicle with a capacity to meet special height, clearance, access, and seating, for the conveyance of persons in non-emergency situations. The vehicle may or may not be required to meet local county or state regulations.","5300 Santa Monica Blvd Suite #216 Los Angeles, Ca 90029-1131",Angeles,CA,323-960-1122,-,A & R Medical Transportation,Rafik Aghajanyan - (owner),02/19/2007,02/19/2007,Org
https://npidb.org/organizations/transportation_services/non-emergency-medical-transport-van_343900000x/1184953952.aspx,"A To B Transport, Llc","A land vehicle with a capacity to meet special height, clearance, access, and seating, for the conveyance of persons in non-emergency situations. The vehicle may or may not be required to meet local county or state regulations.","4820 Adohr Ln Unit F Camarillo, Ca 93012-8580",Camarillo,CA,805-389-1600,-,"A To B Transport, Llc",Farzad Darabi - (executive Director),12/08/2009,12/08/2009,Org
https://npidb.org/organizations/transportation_services/non-emergency-medical-transport-van_343900000x/1316401839.aspx,A-z Logistics Llc,"A land vehicle with a capacity to meet special height, clearance, access, and seating, for the conveyance of persons in non-emergency situations. The vehicle may or may not be required to meet local county or state regulations.","2344 Arden Way Sacramento, Ca 95825-4066",Sacramento,CA,916-410-6953,-,A-z Logistics Llc,Zaid Hani - (owner),01/29/2019,01/29/2019,Org
https://npidb.org/organizations/transportation_services/non-emergency-medical-transport-van_343900000x/1386959138.aspx,A-z Medical Transportation Llc,"A land vehicle with a capacity to meet special height, clearance, access, and seating, for the conveyance of persons in non-emergency situations. The vehicle may or may not be required to meet local county or state regulations.","2386 Fair Oaks Blvd Suite 118 Sacramento, Ca 95825-4741",Sacramento,CA,888-611-3380,-,A-z Medical Transportation Llc,Samvel Tovmasyan - (president),08/17/2010,08/17/2010,Org
https://npidb.org/organizations/transportation_services/non-emergency-medical-transport-van_343900000x/1194061945.aspx,A1 Medical Transportation,"A land vehicle with a capacity to meet special height, clearance, access, and seating, for the conveyance of persons in non-emergency situations. The vehicle may or may not be required to meet local county or state regulations.","12534 Valley View St Garden Grove, Ca 92845-5540",Grove,CA,562-537-9757,-,A1 Medical Transportation,Hamed Eldaghash - (owner),12/26/2012,12/26/2012,Org
https://npidb.org/organizations/transportation_services/non-emergency-medical-transport-van_343900000x/1578127676.aspx,A2ztransit Inc,"A land vehicle with a capacity to meet special height, clearance, access, and seating, for the conveyance of persons in non-emergency situations. The vehicle may or may not be required to meet local county or state regulations.","3450 Rancho Diego Cir El Cajon, Ca 92019-5129",Cajon,CA,804-424-2464,-,A2ztransit Inc,Isam Altoblany - (owner),04/24/2019,04/24/2019,Org
https://npidb.org/organizations/transportation_services/non-emergency-medical-transport-van_343900000x/1134512981.aspx,A&a Med Transport,"A land vehicle with a capacity to meet special height, clearance, access, and seating, for the conveyance of persons in non-emergency situations. The vehicle may or may not be required to meet local county or state regulations.","1001 Bayhill Dr Suite 200 San Bruno, Ca 94066-3062",Bruno,CA,415-359-4234,-,A&a Med Transport,Aziz Esmail - (ceo),03/17/2015,03/17/2015,Org
https://npidb.org/organizations/transportation_services/non-emergency-medical-transport-van_343900000x/1053861427.aspx,"A&a Transportation Services

						Lbn  C.c.m.t. Inc.","A land vehicle with a capacity to meet special height, clearance, access, and seating, for the conveyance of persons in non-emergency situations. The vehicle may or may not be required to meet local county or state regulations.","1589 W Shaw Ave Ste 19 Fresno, Ca 93711-3500",Fresno,CA,559-210-3556,-,C.c.m.t. Inc.,Aram Arestakesyan - (president),10/10/2016,10/10/2016,Org
https://npidb.org/organizations/transportation_services/non-emergency-medical-transport-van_343900000x/1861030603.aspx,Aaa Kids Inc,"A land vehicle with a capacity to meet special height, clearance, access, and seating, for the conveyance of persons in non-emergency situations. The vehicle may or may not be required to meet local county or state regulations.","13398 Devon Dr Jamul, Ca 91935-1663",Jamul,CA,619-756-4900,-,Aaa Kids Inc,Lillian Habib - (president),12/11/2019,12/11/2019,Org
https://npidb.org/organizations/transportation_services/non-emergency-medical-transport-van_343900000x/1093989766.aspx,"Aaa Medical Transportation

						Lbn  Zlzr Corporation","A land vehicle with a capacity to meet special height, clearance, access, and seating, for the conveyance of persons in non-emergency situations. The vehicle may or may not be required to meet local county or state regulations.","4301 N Selland Ave Ste 101 Fresno, Ca 93722-7820",Fresno,CA,559-432-0604,-,Zlzr Corporation,Lara Ovikian - (president),04/14/2008,04/14/2008,Org
https://npidb.org/organizations/transportation_services/non-emergency-medical-transport-van_343900000x/1548430564.aspx,"Aaa Medicaltransportation

						Lbn  Agat Corporation","A land vehicle with a capacity to meet special height, clearance, access, and seating, for the conveyance of persons in non-emergency situations. The vehicle may or may not be required to meet local county or state regulations.","860 S Winchester Blvd Ste E San Jose, Ca 95128-2962",Jose,CA,408-218-0743,-,Agat Corporation,Marina Torosyan - (ceo),03/05/2008,03/05/2008,Org
https://npidb.org/organizations/transportation_services/private-vehicle_347c00000x/1821313487.aspx,"Aaa Transportation, Llc",An individual paid to provide non-emergency transportation using their privately owned/leased vehicle.,"4790 Scenic Ave Livermore, Ca 94551-5444",Livermore,CA,866-558-0222,-,"Aaa Transportation, Llc",Navjeet Sigh - (chief Of Operations),04/07/2010,04/07/2010,Org
https://npidb.org/organizations/transportation_services/non-emergency-medical-transport-van_343900000x/1962644369.aspx,"Aamedtrans

						Lbn  Sanzone Enterprises, Inc.","A land vehicle with a capacity to meet special height, clearance, access, and seating, for the conveyance of persons in non-emergency situations. The vehicle may or may not be required to meet local county or state regulations.","541 Curtola Pkwy Suite C Vallejo, Ca 94590-6924",Vallejo,CA,707-552-1193,-,"Sanzone Enterprises, Inc.","Paul Sanso - (ceo, Operations Director)",03/31/2009,03/31/2009,Org
https://npidb.org/organizations/transportation_services/non-emergency-medical-transport-van_343900000x/1184076424.aspx,"Aaria Medical Transport

						Lbn  Aaria Transportation Llc.","A land vehicle with a capacity to meet special height, clearance, access, and seating, for the conveyance of persons in non-emergency situations. The vehicle may or may not be required to meet local county or state regulations.","7423 El Cajon Blvd B La Mesa, Ca 91942-7401",Mesa,CA,619-303-3064,-,Aaria Transportation Llc.,Abdirashid Abdi - (ceo),07/11/2016,07/11/2016,Org
https://npidb.org/organizations/transportation_services/non-emergency-medical-transport-van_343900000x/1164607289.aspx,Aba Medical Transportation,"A land vehicle with a capacity to meet special height, clearance, access, and seating, for the conveyance of persons in non-emergency situations. The vehicle may or may not be required to meet local county or state regulations.","1254 S Waterman Ave Ste 40 San Bernardino, Ca 92408-2858",Bernardino,CA,909-881-8325,-,Aba Medical Transportation,Godwin Abodoh - (managing Director),01/08/2008,01/08/2008,Org
https://npidb.org/organizations/transportation_services/non-emergency-medical-transport-van_343900000x/1710346275.aspx,Abba Transportation Services Llc,"A land vehicle with a capacity to meet special height, clearance, access, and seating, for the conveyance of persons in non-emergency situations. The vehicle may or may not be required to meet local county or state regulations.","5640 Surfrider Way #255 San Diego, Ca 92154",Diego,CA,619-882-4706,-,Abba Transportation Services Llc,Abdulkadir Ali - (ceo),02/12/2016,02/12/2016,Org
https://npidb.org/organizations/transportation_services/non-emergency-medical-transport-van_343900000x/1942495338.aspx,"Abbey Medi Van Services

						Lbn  Vzs Inc","A land vehicle with a capacity to meet special height, clearance, access, and seating, for the conveyance of persons in non-emergency situations. The vehicle may or may not be required to meet local county or state regulations.","155 E Shaw Ave 108 Fresno, Ca 93710-7619",Fresno,CA,559-446-0900,-,Vzs Inc,Hasmik Keshishyan - (ceo),09/10/2007,09/10/2007,Org
https://npidb.org/organizations/transportation_services/non-emergency-medical-transport-van_343900000x/1629629241.aspx,Abbey West Transportation Llc,"A land vehicle with a capacity to meet special height, clearance, access, and seating, for the conveyance of persons in non-emergency situations. The vehicle may or may not be required to meet local county or state regulations.","1791 Third St Norco, Ca 92860",Norco,CA,510-253-2812,-,Abbey West Transportation Llc,Ebony Phillips - (coo),09/25/2019,09/25/2019,Org
https://npidb.org/organizations/transportation_services/non-emergency-medical-transport-van_343900000x/1235624503.aspx,Abc Medical Transportation Llc,"A land vehicle with a capacity to meet special height, clearance, access, and seating, for the conveyance of persons in non-emergency situations. The vehicle may or may not be required to meet local county or state regulations.","5012 Lotus Pond Way Elk Grove, Ca 95757-4340",Grove,CA,916-549-3708,-,Abc Medical Transportation Llc,Andrew Luu - (president),06/28/2018,06/28/2018,Org
https://npidb.org/organizations/transportation_services/non-emergency-medical-transport-van_343900000x/1629580634.aspx,Abc Non-emergency Medical Transportation,"A land vehicle with a capacity to meet special height, clearance, access, and seating, for the conveyance of persons in non-emergency situations. The vehicle may or may not be required to meet local county or state regulations.","4052 W Fender Ave Fresno, Ca 93722-4692",Fresno,CA,559-691-9317,-,Abc Non-emergency Medical Transportation,Fred Belleza - (rn/owner/provider),10/31/2017,10/31/2017,Org
https://npidb.org/organizations/transportation_services/non-emergency-medical-transport-van_343900000x/1033774088.aspx,"Abc Non-emergency Medical Transportation,llc","A land vehicle with a capacity to meet special height, clearance, access, and seating, for the conveyance of persons in non-emergency situations. The vehicle may or may not be required to meet local county or state regulations.","5627 N Figarden Drive Suite# 105 Fresno, Ca 93722",Fresno,CA,559-691-9317,-,"Abc Non-emergency Medical Transportation,llc",Fred Belleza - (owner),05/06/2019,05/06/2019,Org
https://npidb.org/organizations/transportation_services/non-emergency-medical-transport-van_343900000x/1679931190.aspx,"Abcde Transportation, Llc","A land vehicle with a capacity to meet special height, clearance, access, and seating, for the conveyance of persons in non-emergency situations. The vehicle may or may not be required to meet local county or state regulations.","454 S Robertson Blvd Ste D Los Angeles, Ca 90048-3972",Angeles,CA,562-297-0061,-,"Abcde Transportation, Llc",Alexander Zaks - (president),01/29/2016,01/29/2016,Org
https://npidb.org/doctors/transportation_services/non-emergency-medical-transport-van_343900000x/1720351372.aspx,Aiman M Abdallanon-emergency Medical Transport (Van),"Profile for AIMAN M ABDALLA in OAKLAND, CA.
					A land vehicle with a capacity to meet special height, clearance, access, and seating, for the conveyance of persons in non-emergency situations. The vehicle may or may not be required to meet local county or state regulations.","6500 International Blvd Oakland, Ca 94621-3644",Oakland,CA,510-689-3669,-,-,so-Aiman M Abdallanon-emergency Medical Transport (Van)-Active,02/13/2012,02/13/2012,Sole
https://npidb.org/doctors/transportation_services/non-emergency-medical-transport-van_343900000x/1780240226.aspx,Ali Abdallanon-emergency Medical Transport (Van),"Profile for ALI ABDALLA in SAN DIEGO, CA.
					A land vehicle with a capacity to meet special height, clearance, access, and seating, for the conveyance of persons in non-emergency situations. The vehicle may or may not be required to meet local county or state regulations.","6150 El Cajon Blvd Apt 124 San Diego, Ca 92115-3931",Diego,CA,619-416-5989,-,-,so-Ali Abdallanon-emergency Medical Transport (Van)-Active,05/09/2019,05/09/2019,Sole
https://npidb.org/doctors/transportation_services/non-emergency-medical-transport-van_343900000x/1467823963.aspx,"Hamza Abdallah, Rrt, Crt – Npi #1467823963non-emergency Medical Transport (Van)","Profile for HAMZA ABDALLAH in BLOOMINGTON, CA.
					A land vehicle with a capacity to meet special height, clearance, access, and seating, for the conveyance of persons in non-emergency situations. The vehicle may or may not be required to meet local county or state regulations.","903 S Teakwood Ave Bloomington, Ca 92316-4147",Bloomington,CA,909-496-8868,-,-,"so-Hamza Abdallah, Rrt, Crt – Npi #1467823963non-emergency Medical Transport (Van)-Active",10/09/2015,10/09/2015,Sole
https://npidb.org/doctors/transportation_services/non-emergency-medical-transport-van_343900000x/1184907594.aspx,Nyel Abdallahnon-emergency Medical Transport (Van),"Profile for NYEL ABDALLAH in HAYWARD, CA.
					A land vehicle with a capacity to meet special height, clearance, access, and seating, for the conveyance of persons in non-emergency situations. The vehicle may or may not be required to meet local county or state regulations.","26250 Industrial Blvd Suite 43 Hayward, Ca 94545-2922",Hayward,CA,510-253-7013,-,-,so-Nyel Abdallahnon-emergency Medical Transport (Van)-Active,09/21/2011,09/21/2011,Sole
https://npidb.org/doctors/transportation_services/non-emergency-medical-transport-van_343900000x/1598278905.aspx,Abdi H Abdulnon-emergency Medical Transport (Van),"Profile for ABDI H ABDUL in SAN DIEGO, CA.
					A land vehicle with a capacity to meet special height, clearance, access, and seating, for the conveyance of persons in non-emergency situations. The vehicle may or may not be required to meet local county or state regulations.","4265 Fairmount Ave Ste 180 San Diego, Ca 92105-6404",Diego,CA,619-866-1421,-,-,so-Abdi H Abdulnon-emergency Medical Transport (Van)-Active,11/07/2017,11/07/2017,Sole
https://npidb.org/doctors/transportation_services/non-emergency-medical-transport-van_343900000x/1467011973.aspx,"Syed A Abedi, Manager – Npi #1467011973non-emergency Medical Transport (Van)","Profile for SYED A ABEDI in VICTORVILLE, CA.
					A land vehicle with a capacity to meet special height, clearance, access, and seating, for the conveyance of persons in non-emergency situations. The vehicle may or may not be required to meet local county or state regulations.","11106 Baldy Mesa Rd Victorville, Ca 92392-1840",Victorville,CA,818-863-0786,-,-,"so-Syed A Abedi, Manager – Npi #1467011973non-emergency Medical Transport (Van)-Active",06/08/2019,06/08/2019,Sole
https://npidb.org/organizations/transportation_services/non-emergency-medical-transport-van_343900000x/1740725969.aspx,Abem Transportation Inc,"A land vehicle with a capacity to meet special height, clearance, access, and seating, for the conveyance of persons in non-emergency situations. The vehicle may or may not be required to meet local county or state regulations.","15000 7th St Ste F208 Victorville, Ca 92395",Victorville,CA,760-265-5545,-,Abem Transportation Inc,Kirubel Mamo - (manager),12/23/2016,12/23/2016,Org
https://npidb.org/doctors/transportation_services/non-emergency-medical-transport-van_343900000x/1871667634.aspx,Gagik Abgaryannon-emergency Medical Transport (Van),"Profile for GAGIK ABGARYAN in FAIR OAKS, CA.
					A land vehicle with a capacity to meet special height, clearance, access, and seating, for the conveyance of persons in non-emergency situations. The vehicle may or may not be required to meet local county or state regulations.","7745 Doneva Ave Fair Oaks, Ca 95628-7313",Oaks,CA,916-961-5836,-,-,so-Gagik Abgaryannon-emergency Medical Transport (Van)-Active,11/20/2006,11/20/2006,Sole
https://npidb.org/organizations/transportation_services/non-emergency-medical-transport-van_343900000x/1023312048.aspx,"Able 24/7 Tranportation

						Lbn  Yaway Dba Able 24/7 Tranportation","A land vehicle with a capacity to meet special height, clearance, access, and seating, for the conveyance of persons in non-emergency situations. The vehicle may or may not be required to meet local county or state regulations.","829 Webster St 508 Hayward, Ca 94544-4271",Hayward,CA,510-613-5783,-,Yaway Dba Able 24/7 Tranportation,Myisha Cartwrightgrant - (ceo),01/05/2011,01/05/2011,Org
https://npidb.org/organizations/transportation_services/non-emergency-medical-transport-van_343900000x/1700164761.aspx,"Able 24/7 Transportation

						Lbn  Yaway Inc Dba Able 24/7 Transportation","A land vehicle with a capacity to meet special height, clearance, access, and seating, for the conveyance of persons in non-emergency situations. The vehicle may or may not be required to meet local county or state regulations.","1714 Franklin St # 100-191 Oakland, Ca 94612-3488",Oakland,CA,800-581-0586,-,Yaway Inc Dba Able 24/7 Transportation,Myisha Cartwright-grant - (ceo/owner),07/25/2011,07/25/2011,Org
https://npidb.org/organizations/transportation_services/non-emergency-medical-transport-van_343900000x/1538787387.aspx,Able Care Transportation,"A land vehicle with a capacity to meet special height, clearance, access, and seating, for the conveyance of persons in non-emergency situations. The vehicle may or may not be required to meet local county or state regulations.","7415 Mcclellan Ct Fontana, Ca 92336-5434",Fontana,CA,909-549-3815,-,Able Care Transportation,Carl Requintina - (owner),07/08/2020,07/08/2020,Org
https://npidb.org/doctors/transportation_services/non-emergency-medical-transport-van_343900000x/1932572492.aspx,Elena Abnousinon-emergency Medical Transport (Van),"Profile for ELENA ABNOUSI in SUN VALLEY, CA.
					A land vehicle with a capacity to meet special height, clearance, access, and seating, for the conveyance of persons in non-emergency situations. The vehicle may or may not be required to meet local county or state regulations.","10109 Colwell Dr Sun Valley, Ca 91352-4268",Valley,CA,818-984-3067,-,-,so-Elena Abnousinon-emergency Medical Transport (Van)-Active,11/05/2015,11/05/2015,Sole
https://npidb.org/organizations/transportation_services/non-emergency-medical-transport-van_343900000x/1457800930.aspx,Absolute Non Emergency Transport,"A land vehicle with a capacity to meet special height, clearance, access, and seating, for the conveyance of persons in non-emergency situations. The vehicle may or may not be required to meet local county or state regulations.","801 Boulder Ave Lathrop, Ca 95330-9207",Lathrop,CA,209-624-0252,-,Absolute Non Emergency Transport,Fredrick Martinez - (manager),09/26/2016,09/26/2016,Org
https://npidb.org/organizations/transportation_services/non-emergency-medical-transport-van_343900000x/1710341854.aspx,"Abu Ganti Transportation Services

						Lbn  Agts Inc.","A land vehicle with a capacity to meet special height, clearance, access, and seating, for the conveyance of persons in non-emergency situations. The vehicle may or may not be required to meet local county or state regulations.","10907 Gerana St Unit C San Diego, Ca 92129-1749",Diego,CA,858-240-0600,-,Agts Inc.,Aghyad Zrik - (owner),04/05/2016,04/05/2016,Org
https://npidb.org/organizations/transportation_services/non-emergency-medical-transport-van_343900000x/1023570710.aspx,Abundant Life Solution,"A land vehicle with a capacity to meet special height, clearance, access, and seating, for the conveyance of persons in non-emergency situations. The vehicle may or may not be required to meet local county or state regulations.","4339 Mcroberts Dr Mather, Ca 95655-3026",Mather,CA,916-888-0088,-,Abundant Life Solution,Vahan Hakobyan - (owner),04/02/2019,04/02/2019,Org
https://npidb.org/organizations/transportation_services/non-emergency-medical-transport-van_343900000x/1710196316.aspx,Access 2 Care,"A land vehicle with a capacity to meet special height, clearance, access, and seating, for the conveyance of persons in non-emergency situations. The vehicle may or may not be required to meet local county or state regulations.","2248 Tigereye Pl Carlsbad, Ca 92009-1707",Carlsbad,CA,619-861-6728,-,Access 2 Care,Jordan Padilla - (owner & Vice President),05/21/2007,05/21/2007,Org
https://npidb.org/organizations/transportation_services/non-emergency-medical-transport-van_343900000x/1528243458.aspx,Access 2 Care Inc,"A land vehicle with a capacity to meet special height, clearance, access, and seating, for the conveyance of persons in non-emergency situations. The vehicle may or may not be required to meet local county or state regulations.","3522 Mercer Ln San Diego, Ca 92122-2330",Diego,CA,866-522-8525,-,Access 2 Care Inc,Jordan Padilla - (cfo),01/09/2008,01/09/2008,Org
https://npidb.org/organizations/transportation_services/non-emergency-medical-transport-van_343900000x/1922539766.aspx,Access In Motion,"A land vehicle with a capacity to meet special height, clearance, access, and seating, for the conveyance of persons in non-emergency situations. The vehicle may or may not be required to meet local county or state regulations.","940 El Oro Dr Auburn, Ca 95603-3500",Auburn,CA,916-531-0923,-,Access In Motion,Howard Sacks - (managing Member),03/23/2017,03/23/2017,Org
https://npidb.org/organizations/transportation_services/non-emergency-medical-transport-van_343900000x/1720559511.aspx,"Access In Motion

						Lbn  Easy Nemt Inc","A land vehicle with a capacity to meet special height, clearance, access, and seating, for the conveyance of persons in non-emergency situations. The vehicle may or may not be required to meet local county or state regulations.","1100 Melody Ln Ste 1031 Roseville, Ca 95678-5203",Roseville,CA,781-888-9158,-,Easy Nemt Inc,Johnappan Arukalil Joseph - (president),12/06/2018,12/06/2018,Org
https://npidb.org/organizations/transportation_services/non-emergency-medical-transport-van_343900000x/1558690289.aspx,Access Mobility Transport,"A land vehicle with a capacity to meet special height, clearance, access, and seating, for the conveyance of persons in non-emergency situations. The vehicle may or may not be required to meet local county or state regulations.","9127 Sentinel Ct Stockton, Ca 95212-3211",Stockton,CA,209-981-6412,-,Access Mobility Transport,Melissa Caubat - (general Manager),12/08/2009,12/08/2009,Org
https://npidb.org/organizations/agencies/case-management_251b00000x/1306085576.aspx,"Access Ride Transportation

						Lbn  Access Ride Llc","An organization that is responsible for providing case management services.  The agency provides services which assist an individual in gaining access to needed medical, social, educational, and/or other services.  Case management services may be used to locate, coordinate, and monitor necessary appropriate services.  It may be used to encourage the use of cost-effective medical care by referrals to appropriate providers and to discourage over utilization of costly services.  Case management may also serve to provide necessary coordination of non-medical services such as vocational rehabilitation, education, employment, when the services provided enable the individual to function at the highest level.","6101 Ball Rd Ste 204 Cypress, Ca 90630-3965",Cypress,CA,714-527-3469,-,Access Ride Llc,Rasheed Ali - (manager),02/12/2009,02/12/2009,Org
https://npidb.org/organizations/transportation_services/non-emergency-medical-transport-van_343900000x/1558505727.aspx,Acclaim Mobility Llc,"A land vehicle with a capacity to meet special height, clearance, access, and seating, for the conveyance of persons in non-emergency situations. The vehicle may or may not be required to meet local county or state regulations.","9417 Corley Cove Ln Elk Grove, Ca 95624-4801",Grove,CA,916-682-0952,-,Acclaim Mobility Llc,Willie Duckett - (ceo/president),05/01/2009,05/01/2009,Org
https://npidb.org/organizations/transportation_services/non-emergency-medical-transport-van_343900000x/1508239930.aspx,"Ace Ambulette Transportation, Llc","A land vehicle with a capacity to meet special height, clearance, access, and seating, for the conveyance of persons in non-emergency situations. The vehicle may or may not be required to meet local county or state regulations.","3294 Cherry Ave Long Beach, Ca 90807-5214",Beach,CA,562-290-8888,-,"Ace Ambulette Transportation, Llc",Julianne Drapeza - (secretary),11/06/2015,11/06/2015,Org
https://npidb.org/organizations/transportation_services/non-emergency-medical-transport-van_343900000x/1750668554.aspx,"Ace Med Transport

						Lbn  Ace Medical Transportation, Llc","A land vehicle with a capacity to meet special height, clearance, access, and seating, for the conveyance of persons in non-emergency situations. The vehicle may or may not be required to meet local county or state regulations.","1256 Brooks St Suite H Ontario, Ca 91762-3663",Ontario,CA,909-986-3834,-,"Ace Medical Transportation, Llc",Francisco Leyva - (operations Manager),11/08/2011,11/08/2011,Org
https://npidb.org/organizations/transportation_services/non-emergency-medical-transport-van_343900000x/1093070203.aspx,Ace Medical Transport,"A land vehicle with a capacity to meet special height, clearance, access, and seating, for the conveyance of persons in non-emergency situations. The vehicle may or may not be required to meet local county or state regulations.","335 W Arbor Vitae St Suite 5 Inglewood, Ca 90301-3767",Inglewood,CA,323-527-5554,-,Ace Medical Transport,Alexis Miller - (co-owner),07/13/2012,07/13/2012,Org
https://npidb.org/organizations/transportation_services/non-emergency-medical-transport-van_343900000x/1235442898.aspx,"Ace Transport

						Lbn  Roadrunner Express, Llc","A land vehicle with a capacity to meet special height, clearance, access, and seating, for the conveyance of persons in non-emergency situations. The vehicle may or may not be required to meet local county or state regulations.","2345 Balboa St San Francisco, Ca 94121-2912",Francisco,CA,800-608-1315,-,"Roadrunner Express, Llc",Kherlenchimeg Baasandamba - (owener),07/23/2010,07/23/2010,Org
https://npidb.org/organizations/transportation_services/non-emergency-medical-transport-van_343900000x/1912339227.aspx,"Ace Transportation

						Lbn  Ac Enterprises, Inc","A land vehicle with a capacity to meet special height, clearance, access, and seating, for the conveyance of persons in non-emergency situations. The vehicle may or may not be required to meet local county or state regulations.","4730 W 173rd St G Lawndale, Ca 90260-3120",Lawndale,CA,310-461-9597,-,"Ac Enterprises, Inc",Alicia Nichols - (owner),08/09/2013,08/09/2013,Org
https://npidb.org/organizations/transportation_services/non-emergency-medical-transport-van_343900000x/1770079725.aspx,Ace Treck Transportation,"A land vehicle with a capacity to meet special height, clearance, access, and seating, for the conveyance of persons in non-emergency situations. The vehicle may or may not be required to meet local county or state regulations.","3006 Crest Dr Bakersfield, Ca 93306-1429",Bakersfield,CA,661-379-9385,-,Ace Treck Transportation,Amanda Harper - (manager),07/02/2018,07/02/2018,Org
https://npidb.org/organizations/transportation_services/non-emergency-medical-transport-van_343900000x/1356638316.aspx,"Achieve Medical Transport

						Lbn  Achieve Inc.","A land vehicle with a capacity to meet special height, clearance, access, and seating, for the conveyance of persons in non-emergency situations. The vehicle may or may not be required to meet local county or state regulations.","26246 Kalmia Ave Moreno Valley, Ca 92555-1723",Valley,CA,951-924-9744,-,Achieve Inc.,Lorraine Von Deauxplette - (ceo),06/28/2011,06/28/2011,Org
https://npidb.org/organizations/transportation_services/non-emergency-medical-transport-van_343900000x/1215315247.aspx,Acme Trans Llc,"A land vehicle with a capacity to meet special height, clearance, access, and seating, for the conveyance of persons in non-emergency situations. The vehicle may or may not be required to meet local county or state regulations.","15540 Roxford St Sylmar, Ca 91342-1263",Sylmar,CA,818-653-8683,-,Acme Trans Llc,Armen Zurabyan - (managing Member),05/11/2015,05/11/2015,Org
https://npidb.org/organizations/transportation_services/non-emergency-medical-transport-van_343900000x/1083163760.aspx,Action Asap Transport Inc,"A land vehicle with a capacity to meet special height, clearance, access, and seating, for the conveyance of persons in non-emergency situations. The vehicle may or may not be required to meet local county or state regulations.","4119 Coronado Ave Suite # 9 Stockton, Ca 95204-2336",Stockton,CA,209-462-4163,-,Action Asap Transport Inc,Tirlok Singh - (president),09/23/2016,09/23/2016,Org
https://npidb.org/organizations/transportation_services/non-emergency-medical-transport-van_343900000x/1710067632.aspx,"Action Medical Transportation

						Lbn  Professional Action Medical Transport, Inc","A land vehicle with a capacity to meet special height, clearance, access, and seating, for the conveyance of persons in non-emergency situations. The vehicle may or may not be required to meet local county or state regulations.","4749 Elmwood Ave Los Angeles, Ca 90004-3110",Angeles,CA,323-467-2088,-,"Professional Action Medical Transport, Inc",Irene Papa - (president),10/16/2006,10/16/2006,Org
https://npidb.org/organizations/transportation_services/non-emergency-medical-transport-van_343900000x/1780983882.aspx,Active-lives,"A land vehicle with a capacity to meet special height, clearance, access, and seating, for the conveyance of persons in non-emergency situations. The vehicle may or may not be required to meet local county or state regulations.","79873 Swansea Ave Indio, Ca 92203-4869",Indio,CA,760-219-7769,-,Active-lives,Joe-eric Torres - (co-owner),03/15/2011,03/15/2011,Org
https://npidb.org/organizations/transportation_services/non-emergency-medical-transport-van_343900000x/1821657115.aspx,"Active Transport Medical Services, Llc","A land vehicle with a capacity to meet special height, clearance, access, and seating, for the conveyance of persons in non-emergency situations. The vehicle may or may not be required to meet local county or state regulations.","450 Grogan Ave Merced, Ca 95341-6471",Merced,CA,559-392-1387,-,"Active Transport Medical Services, Llc",Clayton Brown - (partner/owner),06/10/2019,06/10/2019,Org
https://npidb.org/doctors/transportation_services/non-emergency-medical-transport-van_343900000x/1073694691.aspx,Oganes Adamyannon-emergency Medical Transport (Van),"Profile for OGANES ADAMYAN in GLENDALE, CA.
					A land vehicle with a capacity to meet special height, clearance, access, and seating, for the conveyance of persons in non-emergency situations. The vehicle may or may not be required to meet local county or state regulations.","417 Arden Ave. Suite 211 Glendale, Ca 91203-2190",Glendale,CA,818-241-3737,-,-,so-Oganes Adamyannon-emergency Medical Transport (Van)-Active,10/18/2006,10/18/2006,Sole
https://npidb.org/organizations/transportation_services/non-emergency-medical-transport-van_343900000x/1023530698.aspx,Adm Medical Transport Llc,"A land vehicle with a capacity to meet special height, clearance, access, and seating, for the conveyance of persons in non-emergency situations. The vehicle may or may not be required to meet local county or state regulations.","2714 Montego Bay St Pittsburg, Ca 94565",Pittsburg,CA,925-252-3099,-,Adm Medical Transport Llc,Sean Philippe Hoy - (owner),07/14/2017,07/14/2017,Org
https://npidb.org/organizations/transportation_services/secured-medical-transport-van_343800000x/1780028274.aspx,Adolescent Guidance Services Llc,"A public or privately owned transportation service with vehicles, specially equipped to provide enhanced safety, security and passenger restraint, and staffed by one or more individuals trained to work with patients in crisis situations resulting from mental or emotional illness and/or substance abuse.","231 Market Pl # 194 San Ramon, Ca 94583-4743",Ramon,CA,877-700-3300,-,Adolescent Guidance Services Llc,William Lopez - (owner),04/26/2013,04/26/2013,Org
https://npidb.org/organizations/transportation_services/land-transport_3416l0300x/1316027170.aspx,"Adult Medical Transportation, Inc",-,"7048 Darby Ave Reseda, Ca 91335",Reseda,CA,818-705-0100,-,"Adult Medical Transportation, Inc",Sergey Brusilovsky - (president),10/16/2006,10/16/2006,Org
https://npidb.org/organizations/transportation_services/non-emergency-medical-transport-van_343900000x/1356693014.aspx,Advance Access Ride Llc,"A land vehicle with a capacity to meet special height, clearance, access, and seating, for the conveyance of persons in non-emergency situations. The vehicle may or may not be required to meet local county or state regulations.","2045 Compton Ave Suite Number 203 Corona, Ca 92881-7286",Corona,CA,951-263-2649,-,Advance Access Ride Llc,Nuru Nuru - (owner),10/05/2012,10/05/2012,Org
https://npidb.org/organizations/transportation_services/non-emergency-medical-transport-van_343900000x/1649610189.aspx,Advance Access Ride Llc,"A land vehicle with a capacity to meet special height, clearance, access, and seating, for the conveyance of persons in non-emergency situations. The vehicle may or may not be required to meet local county or state regulations.","13668 Heatherwood Dr Corona, Ca 92880-0712",Corona,CA,714-585-5310,-,Advance Access Ride Llc,Nuru Nuru - (owner),06/28/2013,06/28/2013,Org
https://npidb.org/organizations/transportation_services/non-emergency-medical-transport-van_343900000x/1871621722.aspx,Advance Transit,"A land vehicle with a capacity to meet special height, clearance, access, and seating, for the conveyance of persons in non-emergency situations. The vehicle may or may not be required to meet local county or state regulations.","5111 Rolling Field Ct Antelope, Ca 95843-4608",Antelope,CA,916-995-6365,-,Advance Transit,Efren Dano - (owner),03/01/2007,03/01/2007,Org
https://npidb.org/organizations/transportation_services/non-emergency-medical-transport-van_343900000x/1164894549.aspx,Advance Transport Services (Ats) Llc,"A land vehicle with a capacity to meet special height, clearance, access, and seating, for the conveyance of persons in non-emergency situations. The vehicle may or may not be required to meet local county or state regulations.","327 College St Ste 107 Woodland, Ca 95695-3481",Woodland,CA,916-410-6000,-,Advance Transport Services (Ats) Llc,Jimmy Odusola - (owner),10/26/2015,10/26/2015,Org
https://npidb.org/organizations/transportation_services/non-emergency-medical-transport-van_343900000x/1376951251.aspx,Advance Transportation Llc,"A land vehicle with a capacity to meet special height, clearance, access, and seating, for the conveyance of persons in non-emergency situations. The vehicle may or may not be required to meet local county or state regulations.","4515 8th Ave Los Angeles, Ca 90043-1345",Angeles,CA,323-338-9849,-,Advance Transportation Llc,Wayne Vernon - (owner),07/24/2014,07/24/2014,Org
https://npidb.org/organizations/transportation_services/non-emergency-medical-transport-van_343900000x/1932329018.aspx,Advanced Medical Transportation,"A land vehicle with a capacity to meet special height, clearance, access, and seating, for the conveyance of persons in non-emergency situations. The vehicle may or may not be required to meet local county or state regulations.","501 S Fairfax Ave Ste 207 Los Angeles, Ca 90036-3198",Angeles,CA,323-456-1333,-,Advanced Medical Transportation,Renata Shlain - (president),04/30/2007,04/30/2007,Org
https://npidb.org/organizations/transportation_services/non-emergency-medical-transport-van_343900000x/1447659206.aspx,"Advanced Medtrans

						Lbn  Advanced Medtrans Inc.","A land vehicle with a capacity to meet special height, clearance, access, and seating, for the conveyance of persons in non-emergency situations. The vehicle may or may not be required to meet local county or state regulations.","8949 Reseda Blvd Suite 229 Northridge, Ca 91324-3916",Northridge,CA,818-993-1317,-,Advanced Medtrans Inc.,Catherine Silva-santos - (president),08/18/2014,08/18/2014,Org
https://npidb.org/organizations/transportation_services/non-emergency-medical-transport-van_343900000x/1144476805.aspx,"Advanced Surgical Consultants, Llc","A land vehicle with a capacity to meet special height, clearance, access, and seating, for the conveyance of persons in non-emergency situations. The vehicle may or may not be required to meet local county or state regulations.","14930 Isamar Ln North Hills, Ca 91343-7839",Hills,CA,866-211-4054,-,"Advanced Surgical Consultants, Llc",Warren Lim - (ceo),08/13/2008,08/13/2008,Org
https://npidb.org/organizations/transportation_services/non-emergency-medical-transport-van_343900000x/1033455787.aspx,Advanced Transit Llc,"A land vehicle with a capacity to meet special height, clearance, access, and seating, for the conveyance of persons in non-emergency situations. The vehicle may or may not be required to meet local county or state regulations.","180 Promenade Cir Ste 300 Sacramento, Ca 95834-2952",Sacramento,CA,707-567-3726,-,Advanced Transit Llc,Joel Garcia - (owner/partner),12/28/2012,12/28/2012,Org
https://npidb.org/organizations/transportation_services/land-transport_3416l0300x/1295097962.aspx,"Advanta Ambulance, Inc",-,"18034 Ventura Blvd 267 Encino, Ca 91316-3516",Encino,CA,877-957-3466,-,"Advanta Ambulance, Inc",Marina Kogan-akopnik - (ceo),06/08/2012,06/08/2012,Org
https://npidb.org/organizations/transportation_services/non-emergency-medical-transport-van_343900000x/1548574676.aspx,"Advantage Medical Transportation, Llc","A land vehicle with a capacity to meet special height, clearance, access, and seating, for the conveyance of persons in non-emergency situations. The vehicle may or may not be required to meet local county or state regulations.","1301 S Santa Fe Ave San Jacinto, Ca 92583-4637",Jacinto,CA,951-543-2902,-,"Advantage Medical Transportation, Llc",Rick Hartsock - (president),07/30/2010,07/30/2010,Org
https://npidb.org/organizations/transportation_services/non-emergency-medical-transport-van_343900000x/1215296116.aspx,Affiliated Non Emergency Transportation,"A land vehicle with a capacity to meet special height, clearance, access, and seating, for the conveyance of persons in non-emergency situations. The vehicle may or may not be required to meet local county or state regulations.","281 Barnhart Cir Sacramento, Ca 95835-1525",Sacramento,CA,916-216-0024,-,Affiliated Non Emergency Transportation,Gregory Warren - (owner),05/11/2012,05/11/2012,Org
https://npidb.org/organizations/transportation_services/non-emergency-medical-transport-van_343900000x/1770139578.aspx,Affinity Transit Inc,"A land vehicle with a capacity to meet special height, clearance, access, and seating, for the conveyance of persons in non-emergency situations. The vehicle may or may not be required to meet local county or state regulations.","444 S Brand Blvd Ste 201 San Fernando, Ca 91340-3610",Fernando,CA,818-800-4777,-,Affinity Transit Inc,Juventino Suarez - (ceo),08/16/2019,08/16/2019,Org
